{"val_accuracy":0.7911999821662903,"_wandb":{"runtime":0},"epoch":10,"train_loss":0.4589746594429016,"_runtime":0,"train_accuracy":0.9079999923706055,"val_loss":0.6778196096420288,"_timestamp":1.7523154456166408e+09,"_step":9}