{"val_accuracy":0.8420000076293945,"_step":9,"train_loss":0.131154403090477,"epoch":10,"train_accuracy":0.9879999756813049,"val_loss":0.49338051676750183,"_wandb":{"runtime":0},"_runtime":0,"_timestamp":1.7523154428266947e+09}