{"train_accuracy":0.9706666469573975,"_wandb":{"runtime":0},"epoch":10,"val_accuracy":0.8127999901771545,"_step":9,"_runtime":0,"val_loss":0.561683177947998,"_timestamp":1.7523154480710254e+09,"train_loss":0.23331375420093536}